{
    "admin": {
        "password": 46609619,
        "things": {
            "00101011": {
                "\u7c89\u8272\u6a61\u76ae": 1
            },
            "00102001": {
                "SIGMA\u559c\u8fc8\u8ba1\u7b97\u5668S-801": 1,
                "\u300a\u6d4b\u8bd5\u7528\u4e66\u300badminstrator\u8457": 2,
                "\u4fbf\u5229\u8d34 %\u67ab\u53f6\uff08\u888b\uff09": 2,
                "\u4fbf\u5229\u8d34 %\u6851\u53f6\uff08\u888b\uff09": 2,
                "\u4fbf\u5229\u8d34 %\u6c34\u7c89\u84dd\u53f6\uff08\u888b\uff09": 2,
                "\u4fbf\u5229\u8d34 %\u7eff\u6811\u53f6\uff08\u888b\uff09": 2,
                "\u4fbf\u5229\u8d34 %\u94f6\u674f\uff08\u888b\uff09": 2,
                "\u5706\u73e0\u7b14\uff084\u652f/\u76d2\uff09": 3,
                "\u5706\u89c4": 1,
                "\u5783\u573e\u888b\uff08\u9002\u914d\u767d\u8272\u5783\u573e\u6876\uff0c\u5377\uff09": 1,
                "\u5c0f\u5377\u80f6\u5e26": 2,
                "\u663e\u5fae\u955c\uff08\u5c0f\uff09": 1,
                "\u6709\u9053\u8bcd\u5178\u7b14": 1,
                "\u6a61\u76ae\u841d\u535c\u5200": 1,
                "\u6d45\u8272\u6807\u7b7e\u8d3410\u5f20/\u5305 \u5927\u53f7 6975831752869": 1,
                "\u76d2\u5b50 #00102014": 1,
                "\u76d2\u5b50 #00102023": 1,
                "\u76d2\u5b50 %\u6ca1\u6c34\u7684\u7b14": 1,
                "\u76d2\u5b50\u3010\u5c0f\u77f3\u5934\u7684\u5956\u52b1\u3011": 1,
                "\u76d2\u5b50\u3010\u6742\u7269\u3011": 1,
                "\u76d2\u5b50\u3010\u7535\u6c60\u3011": 1,
                "\u7c89\u8272\u5fc3\u5f62\u4fbf\u5229\u8d34": 1,
                "\u88c5\u7b14\u7684\u76d2\u5b50 6936973332005": 1,
                "\u8ba2\u4e66\u5668\uff08\u84dd\uff09": 1,
                "\u8ba2\u4e66\u94891000\u679a/\u76d2 6921734900128": 1
            },
            "00102014": {
                "\u524a\u94c5\u7b14\u5200": 1,
                "\u7535\u8bdd\u53f7\u7801\u724c\uff08\u5957\uff09": 1,
                "\u767d\u677f\u7b14\u58a8\u6c34\uff08\u7ea2\uff09": 1,
                "\u767d\u677f\u7b14\u58a8\u6c34\uff08\u84dd\uff09": 1,
                "\u767d\u677f\u7b14\u58a8\u6c34\uff08\u9ed1\uff09": 1,
                "\u767d\u677f\u7b14\uff08\u84dd\uff09": 2,
                "\u767d\u677f\u7b14\uff08\u9ed1\uff09": 3,
                "\u767d\u8272\u7c89\u7b14": 4,
                "\u7c89\u7b14\u5957": 1,
                "\u84dd\u8272\u7c89\u7b14": 1,
                "\u94a2\u7b14\u58a8\u56ca": 3,
                "\u9ec4\u8272\u7c89\u7b14": 1
            },
            "00102023": {
                "2B\u94c5\u7b14\u82af\uff08\u76d2\uff09": 2,
                "MB Tech \u8ba2\u4e66\u5668": 1,
                "TF\u5361\u8bfb\u5361\u5668": 1,
                "\u524a\u94c5\u7b14\u5200": 2,
                "\u59d3\u540d\u5370\u7ae0": 1,
                "\u59d3\u540d\u8d34\uff08\u4e2a\uff09": 1,
                "\u5f55\u97f3\u7b14+\u8033\u673a": 1,
                "\u7802\u7eb8\u6761": 1,
                "\u81ea\u5df1\u7684\u7167\u7247\uff081\u5bf8\uff0c\u767d\u5e95\uff09": 6,
                "\u81ea\u5df1\u7684\u7167\u7247\uff081\u5bf8\uff0c\u84dd\u5e95\uff09": 7,
                "\u81ea\u5df1\u7684\u7167\u7247\uff082\u5bf8\uff0c\u84dd\u5e95\uff09": 1,
                "\u8721\u7b14\uff08\u9ed1\uff0c1.75cm\uff09": 1,
                "\u94a2\u7b14\u58a8\u56ca": 3,
                "\u94c5\u7b14\u5934\uff08\u5e26\u87ba\u7eb9\uff09\uff08\u888b\uff09": 1,
                "\u957f\u65b9\u5f62\u5e26\u989c\u8272\u78c1\u94c1": 1,
                "\u9ec4\u8272\u624b\u73af\u6b8b\u9ab8": 2
            },
            "00402015": {
                "\u59e5\u59e5\u7684\u77f3\u818f\u7259\uff08\u4e0a\uff09": 1,
                "\u59e5\u59e5\u7684\u77f3\u818f\u7259\uff08\u4e0b\uff09": 1
            },
            "00501013": {
                "\u6d6a\u6f6e\u4e4b\u5dc5\uff08\u4e0a\u518c\uff099787115514226": 1,
                "\u6d6a\u6f6e\u4e4b\u5dc5\uff08\u4e0b\u518c\uff099787115514226": 1
            }
        }
    }
}